{"mu": [1.2286388874053955, 14.844642639160156, 0.2461734414100647], "sigma": [0.9651546478271484, 2.122281312942505, 0.14155299961566925]}