{
  "mu": [
    10.052332878112793,
    3.300778865814209,
    13.50863265991211,
    7.899731159210205,
    0.301777184009552,
    40.89731216430664
  ],
  "sigma": [
    3.1768319606781006,
    1.5682686567306519,
    21.466617584228516,
    8.683234214782715,
    0.44431352615356445,
    60.568397521972656
  ],
  "n_inputs": 6,
  "n_mfs": 2
}
